{"cameraMode":{"drawMode":0,"name":"Shaded","section":"Shading Mode"},"sceneLighting":false,"audioPlay":false,"sceneViewState":{"m_AlwaysRefresh":false,"showFog":true,"showSkybox":false,"showFlares":true,"showImageEffects":true,"showParticleSystems":true,"showVisualEffectGraphs":true,"m_FxEnabled":true},"in2DMode":false,"pivot":{"x":10.126140594482422,"y":1.0948102474212647,"z":-19.189592361450197},"rotation":{"x":-0.1692446917295456,"y":-0.07457035034894943,"z":0.010681888088583947,"w":-0.9832000136375427},"size":1.2845498323440552,"orthographic":false}