{"cameraMode":{"drawMode":0,"name":"Shaded","section":"Shading Mode"},"sceneLighting":false,"audioPlay":false,"sceneViewState":{"m_AlwaysRefresh":false,"showFog":true,"showSkybox":false,"showFlares":true,"showImageEffects":true,"showParticleSystems":true,"showVisualEffectGraphs":true,"m_FxEnabled":true},"in2DMode":false,"pivot":{"x":23.82754898071289,"y":5.5915303230285648,"z":-9.376189231872559},"rotation":{"x":0.060980454087257388,"y":0.6517176032066345,"z":-0.049894530326128009,"w":0.7550241947174072},"size":1.6694315671920777,"orthographic":false}