{"cameraMode":{"drawMode":0,"name":"Shaded","section":"Shading Mode"},"sceneLighting":true,"audioPlay":false,"sceneViewState":{"m_AlwaysRefresh":false,"showFog":true,"showSkybox":true,"showFlares":true,"showImageEffects":true,"showParticleSystems":true,"showVisualEffectGraphs":true,"m_FxEnabled":true},"in2DMode":false,"pivot":{"x":-20.535236358642579,"y":-13.848535537719727,"z":-9.324975967407227},"rotation":{"x":-0.3804791569709778,"y":0.01529665570706129,"z":-0.007657364010810852,"w":-0.9248676300048828},"size":11.647680282592774,"orthographic":false}