{"cameraMode":{"drawMode":0,"name":"Shaded","section":"Shading Mode"},"sceneLighting":false,"audioPlay":false,"sceneViewState":{"m_AlwaysRefresh":false,"showFog":true,"showSkybox":false,"showFlares":true,"showImageEffects":true,"showParticleSystems":true,"showVisualEffectGraphs":true,"m_FxEnabled":true},"in2DMode":false,"pivot":{"x":-2.395981550216675,"y":3.6750781536102297,"z":4.193781852722168},"rotation":{"x":-0.001739000203087926,"y":-0.9887886047363281,"z":-0.1526852399110794,"w":-0.0056010158732533459},"size":4.718728065490723,"orthographic":false}