{"cameraMode":{"drawMode":0,"name":"Shaded","section":"Shading Mode"},"sceneLighting":false,"audioPlay":false,"sceneViewState":{"m_AlwaysRefresh":false,"showFog":true,"showSkybox":false,"showFlares":true,"showImageEffects":true,"showParticleSystems":true,"showVisualEffectGraphs":true,"m_FxEnabled":true},"in2DMode":false,"pivot":{"x":4.4936933517456059,"y":0.6471009254455566,"z":-21.10932159423828},"rotation":{"x":0.4112108647823334,"y":-0.06107016280293465,"z":0.030195606872439386,"w":0.9094401597976685},"size":1.6638144254684449,"orthographic":false}